"scenario","screen","median_ms","p90_ms","repaint_cells","rects","ansi_bytes","full"
"static-80x24",1920,14,15.4,1920,1,374,"70/70"
"static-120x40",4800,19,20.4,4800,1,614,"70/70"
"static-200x60",12000,56,61.8,12000,1,914,"70/70"
"tree341-label-update",4800,58,62.4,8,1,31,"0/70"
"tree341-style-update",4800,8,8.4,5,1,37,"0/70"
"tree1000-label-update",4800,220,235.2,8,1,31,"0/35"
"focus-move-form",4800,21,22,480,1,1106,"0/70"
"layout-nested-resize",4760,258,276.8,4760,1,1530,"34/35"
"grid-resize",4760,51,55.4,4760,1,908,"70/70"
"grid-spans-resize",4760,23,24.4,4760,1,593,"70/70"
"datatable-10k-cursor",4800,45,65.2,4800,1,286,"0/70"
"datatable-200k-cursor",4800,42,47.8,4800,1,286,"0/70"
"datatable-1M-cursor",4800,24,26.2,4800,1,286,"0/70"
"datatable-1M-vscroll",4800,29,31.2,4800,1,1108,"0/70"
"datatable-1M-hscroll",1200,18,20.2,1200,1,59,"0/51"
"datatable-200k-sort",4800,26.67,33.33,4800,1,1247,"0/21"
"tree-10k-scroll",4800,28,33.6,4800,1,315,"0/35"
"tree-expand-collapse",4800,16,18,4800,1,315,"0/19"
"scrollview-2000-labels",4800,270,293.6,4800,1,339,"35/35"
"scrollview-page",4800,252,273.2,4800,1,411,"35/35"
"label-ascii",4800,3,5,19,1,32,"0/70"
"label-cjk",4800,3,3.8,27,1,34,"0/70"
"label-emoji",4800,3,4.4,19,1,35,"0/70"
"label-zwj",4800,3,4.4,12,1,48,"0/70"
"textarea-1MB-type",4800,34,37.6,4800,1,96,"0/35"
"textarea-1MB-scroll",4800,38,46.8,4800,1,0,"0/35"
"modal-open-close",4800,31,33,4800,1,0,"70/70"
"notifications",4800,30,32.8,4800,1,74,"70/70"
"command-palette",4800,20,20.4,4800,1,5468,"69/69"
"signals-1000",4800,35,37.2,13,1,34,"0/67"
